{"cameraMode":{"drawMode":0,"name":"Shaded","section":"Shading Mode"},"sceneLighting":false,"audioPlay":false,"sceneViewState":{"m_AlwaysRefresh":false,"showFog":true,"showSkybox":true,"showFlares":true,"showImageEffects":true,"showParticleSystems":true,"showVisualEffectGraphs":true,"m_FxEnabled":true},"in2DMode":false,"pivot":{"x":7.962841987609863,"y":4.084532737731934,"z":-22.492460250854493},"rotation":{"x":0.000048870475438889116,"y":-0.9969953298568726,"z":-0.0776134729385376,"w":-0.0008904600981622934},"size":12.86517333984375,"orthographic":false}